Country Name,Year,Literacy Rate,,,,,,
Low & middle income,2005,79.30999756,,,,,,
Other small states,2005,79.84999847,,,,,,
"Middle East, North Africa, Afghanistan & Pakistan",2005,66.69000244,,,,,,
"Venezuela, RB",2005,94.37070138,,,,,,
Latin America & the Caribbean (IDA & IBRD countries),2005,90.12999725,,,,,,
"Congo, Rep.",2005,76.11000061,,,,,,
Colombia,2005,92.84999847,,,,,,
Least developed countries: UN classification,2005,55.24000168,,,,,,
Spain,2005,97.75,,,,,,
Thailand,2005,93.51000214,,,,,,
Pakistan,2005,49.86999893,,,,,,
Arab World,2005,71.43000031,,,,,,
Latin America & Caribbean (excluding high income),2005,89.91000366,,,,,,
IDA total,2005,58.90999985,,,,,,
Peru,2005,87.91000366,,,,,,
Europe & Central Asia (IDA & IBRD countries),2005,97.62000275,,,,,,
Low income,2005,54.02000046,,,,,,
IDA blend,2005,60.34999847,,,,,,
IDA & IBRD total,2005,79.58000183,,,,,,
IDA only,2005,58.06999969,,,,,,
South Asia (IDA & IBRD),2005,62.43999863,,,,,,
Middle income,2005,81.08000183,,,,,,
Burkina Faso,2005,23.52000046,,,,,,
Upper middle income,2005,91.54000092,,,,,,
Kuwait,2005,93.26999664,,,,,,
Turkiye,2005,88.23000336,,,,,,
Jordan,2005,91.12999725,,,,,,
Malta,2005,92.36000061,,,,,,
United Arab Emirates,2005,90.02999878,,,,,,
Mexico,2005,91.62999725,,,,,,
North America,2005,98.63999939,,,,,,
Lao PDR,2005,72.69999695,,,,,,
Sub-Saharan Africa (IDA & IBRD countries),2005,58.93999863,,,,,,
Latin America & Caribbean,2005,90.36000061,,,,,,
Niger,2005,28.67000008,,,,,,
Nicaragua,2005,78,,,,,,
Bhutan,2005,52.81000137,,,,,,
"Iran, Islamic Rep.",2005,82.44000244,,,,,,
World,2005,82.56999969,,,,,,
Caribbean small states,2005,89.94999695,,,,,,
Small states,2005,82.59999847,,,,,,
Sub-Saharan Africa,2005,58.93999863,,,,,,
East Asia & Pacific (excluding high income),2005,92.22000122,,,,,,
Europe & Central Asia (excluding high income),2005,95.83999634,,,,,,
Lower middle income,2005,65.90000153,,,,,,
Late-demographic dividend,2005,92.75,,,,,,
Heavily indebted poor countries (HIPC),2005,53.77999878,,,,,,
Sub-Saharan Africa (excluding high income),2005,58.93000031,,,,,,
Africa Western and Central,2005,51.61000061,,,,,,
East Asia & Pacific,2005,92.01999664,,,,,,
South Asia,2005,62.43999863,,,,,,
Fragile and conflict affected situations,2005,63.84999847,,,,,,
IBRD only,2005,84.52999878,,,,,,
Europe & Central Asia,2005,97.19000244,,,,,,
Early-demographic dividend,2005,71.29000092,,,,,,
Africa Eastern and Southern,2005,63.93999863,,,,,,
Pre-demographic dividend,2005,57.68000031,,,,,,
"Egypt, Arab Rep.",2005,67.33000183,,,,,,
East Asia & Pacific (IDA & IBRD countries),2005,92.12000275,,,,,,
Mali,2006,26.18000031,,,,,,
Europe & Central Asia,2006,97.25,,,,,,
North America,2006,98.66000366,,,,,,
South Asia,2006,62.52999878,,,,,,
Middle income,2006,81.16999817,,,,,,
India,2006,62.75,,,,,,
Sub-Saharan Africa (excluding high income),2006,58.02999878,,,,,,
Sub-Saharan Africa (IDA & IBRD countries),2006,58.02999878,,,,,,
Burkina Faso,2006,22.46999931,,,,,,
Low & middle income,2006,79.25,,,,,,
Kuwait,2006,93.27999878,,,,,,
"Egypt, Arab Rep.",2006,66.37000275,,,,,,
Fragile and conflict affected situations,2006,62.63000107,,,,,,
"Iran, Islamic Rep.",2006,82.33000183,,,,,,
Turkiye,2006,88.12000275,,,,,,
El Salvador,2006,83.55999756,,,,,,
Brazil,2006,89.62000275,,,,,,
Senegal,2006,41.88999939,,,,,,
Spain,2006,97.75,,,,,,
Algeria,2006,72.65000153,,,,,,
IDA only,2006,55.83000183,,,,,,
South Asia (IDA & IBRD),2006,62.52999878,,,,,,
East Asia & Pacific (excluding high income),2006,92.56999969,,,,,,
IDA & IBRD total,2006,79.51999664,,,,,,
Pre-demographic dividend,2006,56.5,,,,,,
East Asia & Pacific (IDA & IBRD countries),2006,92.48000336,,,,,,
Europe & Central Asia (IDA & IBRD countries),2006,97.56999969,,,,,,
Peru,2006,88.69999695,,,,,,
IBRD only,2006,84.81999969,,,,,,
IDA total,2006,57.65999985,,,,,,
Caribbean small states,2006,90.15000153,,,,,,
Early-demographic dividend,2006,71.30000305,,,,,,
Pakistan,2006,54.15000153,,,,,,
Togo,2006,56.88999939,,,,,,
Small states,2006,82.31999969,,,,,,
IDA blend,2006,61.04000092,,,,,,
Colombia,2006,92.30000305,,,,,,
East Asia & Pacific,2006,92.37000275,,,,,,
Heavily indebted poor countries (HIPC),2006,52.11999893,,,,,,
Latin America & the Caribbean (IDA & IBRD countries),2006,90.34999847,,,,,,
Other small states,2006,79.41999817,,,,,,
West Bank and Gaza,2006,93.44999695,,,,,,
Sub-Saharan Africa,2006,58.02999878,,,,,,
Europe & Central Asia (excluding high income),2006,95.73000336,,,,,,
Tonga,2006,99.01999664,,,,,,
Nigeria,2006,70.19999695,,,,,,
Latin America & Caribbean (excluding high income),2006,90.05999756,,,,,,
Indonesia,2006,91.98000336,,,,,,
Uganda,2006,71.37000275,,,,,,
Least developed countries: UN classification,2006,52.68999863,,,,,,
World,2006,82.52999878,,,,,,
"Middle East, North Africa, Afghanistan & Pakistan",2006,66.26999664,,,,,,
Mexico,2006,91.73000336,,,,,,
Low income,2006,52.16999817,,,,,,
"Macao SAR, China",2006,93.5,,,,,,
Maldives,2006,98.40000153,,,,,,
Upper middle income,2006,91.83999634,,,,,,
Africa Western and Central,2006,52.29999924,,,,,,
Latin America & Caribbean,2006,90.56999969,,,,,,
"Venezuela, RB",2006,94.6620702,,,,,,
Uruguay,2006,97.79000092,,,,,,
Lesotho,2006,66.09999847,,,,,,
Sri Lanka,2006,90.80999756,,,,,,
Late-demographic dividend,2006,93.04000092,,,,,,
Africa Eastern and Southern,2006,61.95000076,,,,,,
Arab World,2006,69.20999908,,,,,,
Lower middle income,2006,65.86000061,,,,,,
IBRD only,2007,85.69999695,,,,,,
East Asia & Pacific (IDA & IBRD countries),2007,93.69999695,,,,,,
Early-demographic dividend,2007,72.27999878,,,,,,
Timor-Leste,2007,50.59999847,,,,,,
Africa Western and Central,2007,50.29999924,,,,,,
Heavily indebted poor countries (HIPC),2007,53.52000046,,,,,,
Small states,2007,82.83999634,,,,,,
South Asia (IDA & IBRD),2007,63.38000107,,,,,,
East Asia & Pacific,2007,93.51000214,,,,,,
Late-demographic dividend,2007,94.04000092,,,,,,
Latin America & Caribbean,2007,91.41000366,,,,,,
North America,2007,98.66999817,,,,,,
IDA only,2007,56.90999985,,,,,,
"Middle East, North Africa, Afghanistan & Pakistan",2007,67.05000305,,,,,,
Pre-demographic dividend,2007,55.36000061,,,,,,
Cameroon,2007,70.68000031,,,,,,
Cayman Islands,2007,98.87000275,,,,,,
IDA total,2007,57.84999847,,,,,,
Dominican Republic,2007,88.23999786,,,,,,
Latin America & Caribbean (excluding high income),2007,90.88999939,,,,,,
Peru,2007,89.58999634,,,,,,
Europe & Central Asia (IDA & IBRD countries),2007,97.65000153,,,,,,
Pakistan,2007,52.13999939,,,,,,
Arab World,2007,70.04000092,,,,,,
Latin America & the Caribbean (IDA & IBRD countries),2007,91.20999908,,,,,,
IDA & IBRD total,2007,80.22000122,,,,,,
IDA blend,2007,59.58000183,,,,,,
World,2007,83.12000275,,,,,,
Colombia,2007,92.65000153,,,,,,
"Venezuela, RB",2007,95.15000153,,,,,,
East Asia & Pacific (excluding high income),2007,93.77999878,,,,,,
Tajikistan,2007,98.02930575,,,,,,
Low income,2007,53.38999939,,,,,,
Other small states,2007,80,,,,,,
Least developed countries: UN classification,2007,53.65999985,,,,,,
Paraguay,2007,94.55999756,,,,,,
Uruguay,2007,97.86000061,,,,,,
Lebanon,2007,89.61000061,,,,,,
Europe & Central Asia,2007,97.33000183,,,,,,
South Asia,2007,63.38000107,,,,,,
Tunisia,2007,77.19000244,,,,,,
Jordan,2007,92.19999695,,,,,,
Sub-Saharan Africa (excluding high income),2007,57.83000183,,,,,,
Low & middle income,2007,79.94999695,,,,,,
Fragile and conflict affected situations,2007,62.25999832,,,,,,
Upper middle income,2007,92.84999847,,,,,,
Mexico,2007,92.80000305,,,,,,
Turkiye,2007,88.66000366,,,,,,
Ecuador,2007,92.09999847,,,,,,
Middle income,2007,81.87000275,,,,,,
Ethiopia,2007,39,,,,,,
Kuwait,2007,93.66000366,,,,,,
El Salvador,2007,82.02999878,,,,,,
Burkina Faso,2007,27.87999916,,,,,,
Africa Eastern and Southern,2007,62.97000122,,,,,,
Spain,2007,97.94000244,,,,,,
Lower middle income,2007,66.37000275,,,,,,
Bolivia,2007,90.29000092,,,,,,
Caribbean small states,2007,90.75,,,,,,
Brazil,2007,90.01000214,,,,,,
Sub-Saharan Africa (IDA & IBRD countries),2007,57.83000183,,,,,,
Honduras,2007,83.58999634,,,,,,
South Africa,2007,88.72000122,,,,,,
West Bank and Gaza,2007,93.76000214,,,,,,
Azerbaijan,2007,99.58999634,,,,,,
Qatar,2007,93.08000183,,,,,,
Sub-Saharan Africa,2007,57.83000183,,,,,,
Europe & Central Asia (excluding high income),2007,95.90000153,,,,,,
Philippines,2008,95.41999817,,,,,,
Lower middle income,2008,67.02999878,,,,,,
Sub-Saharan Africa,2008,58.16999817,,,,,,
Ecuador,2008,92.38999939,,,,,,
Sudan,2008,53.52000046,,,,,,
IDA & IBRD total,2008,80.63999939,,,,,,
El Salvador,2008,83.94999695,,,,,,
Caribbean small states,2008,91.01999664,,,,,,
West Bank and Gaza,2008,94.01000214,,,,,,
Morocco,2008,55.15000153,,,,,,
Africa Eastern and Southern,2008,63.22999954,,,,,,
Albania,2008,95.94000244,,,,,,
Europe & Central Asia (IDA & IBRD countries),2008,97.75,,,,,,
Spain,2008,97.62999725,,,,,,
East Asia & Pacific,2008,93.81999969,,,,,,
Early-demographic dividend,2008,73.12999725,,,,,,
World,2008,83.48000336,,,,,,
Late-demographic dividend,2008,94.26000214,,,,,,
Qatar,2008,93.98999786,,,,,,
South Sudan,2008,26.82999992,,,,,,
Suriname,2008,94.62000275,,,,,,
IBRD only,2008,86.16999817,,,,,,
Low income,2008,54.25,,,,,,
Pre-demographic dividend,2008,55.63999939,,,,,,
Sub-Saharan Africa (excluding high income),2008,58.15999985,,,,,,
East Asia & Pacific (IDA & IBRD countries),2008,94.01000214,,,,,,
"Korea, Dem. People's Rep.",2008,100,,,,,,
Europe & Central Asia,2008,97.44999695,,,,,,
Paraguay,2008,93.29000092,,,,,,
Heavily indebted poor countries (HIPC),2008,53.81999969,,,,,,
Europe & Central Asia (excluding high income),2008,96.01999664,,,,,,
South Asia,2008,64.20999908,,,,,,
East Asia & Pacific (excluding high income),2008,94.08000183,,,,,,
Small states,2008,83.43000031,,,,,,
Fragile and conflict affected situations,2008,62.65999985,,,,,,
Africa Western and Central,2008,50.75,,,,,,
Sri Lanka,2008,90.55999756,,,,,,
Algeria,2008,75.13999939,,,,,,
Low & middle income,2008,80.37999725,,,,,,
Eritrea,2008,64.66000366,,,,,,
Latin America & the Caribbean (IDA & IBRD countries),2008,91.52999878,,,,,,
Colombia,2008,93.37999725,,,,,,
Tunisia,2008,77.70999908,,,,,,
Mexico,2008,92.93000031,,,,,,
Other small states,2008,80.79000092,,,,,,
"Middle East, North Africa, Afghanistan & Pakistan",2008,68.58999634,,,,,,
Bolivia,2008,90.69999695,,,,,,
Indonesia,2008,92.19000244,,,,,,
Cambodia,2008,76.87000275,,,,,,
Oman,2008,86.62000275,,,,,,
"Iran, Islamic Rep.",2008,82.95999908,,,,,,
Sub-Saharan Africa (IDA & IBRD countries),2008,58.16999817,,,,,,
Brazil,2008,90.04000092,,,,,,
IDA only,2008,57.27999878,,,,,,
Latin America & Caribbean,2008,91.70999908,,,,,,
North America,2008,98.69000244,,,,,,
South Asia (IDA & IBRD),2008,64.20999908,,,,,,
Nepal,2008,55.56007252,,,,,,
Upper middle income,2008,93.27999878,,,,,,
Uruguay,2008,98.16000366,,,,,,
Latin America & Caribbean (excluding high income),2008,91.20999908,,,,,,
"Venezuela, RB",2008,95.31169955,,,,,,
Least developed countries: UN classification,2008,53.97999954,,,,,,
IDA blend,2008,60.52999878,,,,,,
IDA total,2008,58.43000031,,,,,,
"Korea, Rep.",2008,97.97000122,,,,,,
Kuwait,2008,93.90000153,,,,,,
Arab World,2008,70.90000153,,,,,,
Middle income,2008,82.30000305,,,,,,
Burundi,2008,48.08000183,,,,,,
Pakistan,2008,55.52999878,,,,,,
Cambodia,2009,76.13999939,,,,,,
El Salvador,2009,84.09999847,,,,,,
"Iran, Islamic Rep.",2009,83.22223991,,,,,,
Africa Eastern and Southern,2009,63.95999908,,,,,,
Sub-Saharan Africa (IDA & IBRD countries),2009,58.65000153,,,,,,
Sub-Saharan Africa,2009,58.65000153,,,,,,
Brazil,2009,90.30000305,,,,,,
Europe & Central Asia (excluding high income),2009,96.84999847,,,,,,
Azerbaijan,2009,99.76000214,,,,,,
Upper middle income,2009,93.66000366,,,,,,
Latin America & Caribbean (excluding high income),2009,91.41000366,,,,,,
Paraguay,2009,93.75,,,,,,
"Venezuela, RB",2009,95.51000214,,,,,,
Spain,2009,97.68000031,,,,,,
West Bank and Gaza,2009,94.43000031,,,,,,
South Africa,2009,92.88999939,,,,,,
Mozambique,2009,50.58000183,,,,,,
Turkiye,2009,90.81999969,,,,,,
Middle income,2009,82.72000122,,,,,,
Ecuador,2009,92.25,,,,,,
Fragile and conflict affected situations,2009,63.08000183,,,,,,
Kyrgyz Republic,2009,99.23999786,,,,,,
Kazakhstan,2009,99.73000336,,,,,,
South Asia,2009,65.04000092,,,,,,
Mexico,2009,93.44000244,,,,,,
Lower middle income,2009,67.70999908,,,,,,
South Asia (IDA & IBRD),2009,65.04000092,,,,,,
Europe & Central Asia,2009,97.70999908,,,,,,
Belarus,2009,99.62000275,,,,,,
Low & middle income,2009,80.77999878,,,,,,
Sub-Saharan Africa (excluding high income),2009,58.63999939,,,,,,
Senegal,2009,48.04000092,,,,,,
Qatar,2009,94.72000122,,,,,,
Bolivia,2009,91.16999817,,,,,,
Greece,2009,93.91000366,,,,,,
Least developed countries: UN classification,2009,54.61000061,,,,,,
Lebanon,2009,91.18000031,,,,,,
Morocco,2009,56.08000183,,,,,,
Late-demographic dividend,2009,94.52999878,,,,,,
Pakistan,2009,54.88999939,,,,,,
Togo,2009,57.09000015,,,,,,
IDA & IBRD total,2009,81.04000092,,,,,,
"Middle East, North Africa, Afghanistan & Pakistan",2009,69.56999969,,,,,,
Arab World,2009,71.94999695,,,,,,
Viet Nam,2009,93.51999664,,,,,,
Other small states,2009,80.91000366,,,,,,
East Asia & Pacific (IDA & IBRD countries),2009,94.29000092,,,,,,
IDA blend,2009,60.75999832,,,,,,
Colombia,2009,93.23999786,,,,,,
East Asia & Pacific,2009,94.08999634,,,,,,
Low income,2009,54.77000046,,,,,,
Latin America & the Caribbean (IDA & IBRD countries),2009,91.72000122,,,,,,
Tajikistan,2009,99.72987045,,,,,,
World,2009,83.80000305,,,,,,
IBRD only,2009,86.62000275,,,,,,
Early-demographic dividend,2009,73.87999725,,,,,,
Indonesia,2009,92.58000183,,,,,,
IDA total,2009,58.88000107,,,,,,
Uruguay,2009,98.26000214,,,,,,
Europe & Central Asia (IDA & IBRD countries),2009,98.19999695,,,,,,
IDA only,2009,57.49000168,,,,,,
Africa Western and Central,2009,50.84999847,,,,,,
Small states,2009,83.54000092,,,,,,
Pre-demographic dividend,2009,55.88999939,,,,,,
Latin America & Caribbean,2009,91.90000153,,,,,,
East Asia & Pacific (excluding high income),2009,94.36000061,,,,,,
Cabo Verde,2009,82.21895744,,,,,,
Heavily indebted poor countries (HIPC),2009,54.04000092,,,,,,
Panama,2010,94.08999634,,,,,,
Fragile and conflict affected situations,2010,63.22000122,,,,,,
Other small states,2010,81.73000336,,,,,,
Singapore,2010,95.86000061,,,,,,
Pakistan,2010,55.38000107,,,,,,
IDA & IBRD total,2010,81.76000214,,,,,,
Mexico,2010,93.06999969,,,,,,
Least developed countries: UN classification,2010,57.08000183,,,,,,
IDA blend,2010,61.22999954,,,,,,
Latin America & Caribbean (excluding high income),2010,91.36000061,,,,,,
IDA total,2010,60.63000107,,,,,,
Middle income,2010,83.51000214,,,,,,
Spain,2010,97.75,,,,,,
Kuwait,2010,94.47000122,,,,,,
Lower middle income,2010,69.58999634,,,,,,
Mali,2010,31.10000038,,,,,,
South Asia,2010,67.94000244,,,,,,
Liberia,2010,59.40303164,,,,,,
Paraguay,2010,93.87000275,,,,,,
Honduras,2010,84.76000214,,,,,,
India,2010,68.3258173,,,,,,
Malaysia,2010,93.12000275,,,,,,
Latin America & Caribbean,2010,91.81999969,,,,,,
Heavily indebted poor countries (HIPC),2010,55.06000137,,,,,,
"Middle East, North Africa, Afghanistan & Pakistan",2010,70.04000092,,,,,,
Sri Lanka,2010,91.18000031,,,,,,
Puerto Rico (US),2010,91.97000122,,,,,,
Pre-demographic dividend,2010,56.59999847,,,,,,
Indonesia,2010,92.31999969,,,,,,
Jordan,2010,92.55000305,,,,,,
West Bank and Gaza,2010,94.72000122,,,,,,
Late-demographic dividend,2010,94.66000366,,,,,,
Low income,2010,55.27000046,,,,,,
Guinea,2010,25.30999947,,,,,,
Qatar,2010,96.27999878,,,,,,
Ghana,2010,71.5,,,,,,
Russian Federation,2010,99.68000031,,,,,,
Oman,2010,86.94000244,,,,,,
Mongolia,2010,98.26000214,,,,,,
Low & middle income,2010,81.52999878,,,,,,
IBRD only,2010,87.16000366,,,,,,
Papua New Guinea,2010,68.96890964,,,,,,
Philippines,2010,97.08999634,,,,,,
"Iran, Islamic Rep.",2010,83.66466824,,,,,,
IDA only,2010,59.86999893,,,,,,
Aruba,2010,96.81999969,,,,,,
Africa Western and Central,2010,51.38999939,,,,,,
Cameroon,2010,71.19000244,,,,,,
Zambia,2010,83.13999939,,,,,,
East Asia & Pacific (IDA & IBRD countries),2010,94.33999634,,,,,,
East Asia & Pacific (excluding high income),2010,94.41000366,,,,,,
Arab World,2010,72.55999756,,,,,,
Sub-Saharan Africa (IDA & IBRD countries),2010,59.31999969,,,,,,
Europe & Central Asia,2010,97.87000275,,,,,,
Latin America & the Caribbean (IDA & IBRD countries),2010,91.63999939,,,,,,
Sub-Saharan Africa (excluding high income),2010,59.31000137,,,,,,
Tunisia,2010,79.12999725,,,,,,
World,2010,84.37000275,,,,,,
Seychelles,2010,93.94999695,,,,,,
Timor-Leste,2010,58.31000137,,,,,,
Early-demographic dividend,2010,75.34999847,,,,,,
Uruguay,2010,98.06999969,,,,,,
South Africa,2010,92.87999725,,,,,,
South Asia (IDA & IBRD),2010,67.94000244,,,,,,
Europe & Central Asia (excluding high income),2010,97.41999817,,,,,,
Sub-Saharan Africa,2010,59.31999969,,,,,,
Small states,2010,84.11000061,,,,,,
East Asia & Pacific,2010,94.08000183,,,,,,
Brazil,2010,90.37999725,,,,,,
Suriname,2010,94.68000031,,,,,,
Turkiye,2010,92.66000366,,,,,,
China,2010,95.12000275,,,,,,
Thailand,2010,96.43000031,,,,,,
El Salvador,2010,84.48999786,,,,,,
Africa Eastern and Southern,2010,64.70999908,,,,,,
Uganda,2010,73.20999908,,,,,,
"Egypt, Arab Rep.",2010,72.05000305,,,,,,
Dominican Republic,2010,89.54000092,,,,,,
Togo,2010,57.20000076,,,,,,
Azerbaijan,2010,99.76999664,,,,,,
"Venezuela, RB",2010,95.39242132,,,,,,
Europe & Central Asia (IDA & IBRD countries),2010,98.48000336,,,,,,
Ecuador,2010,91.84999847,,,,,,
Upper middle income,2010,93.76999664,,,,,,
Colombia,2010,93.37000275,,,,,,
Early-demographic dividend,2011,75.76000214,,,,,,
Tonga,2011,99.38999939,,,,,,
Pakistan,2011,54.74000168,,,,,,
Pre-demographic dividend,2011,58.5,,,,,,
IDA only,2011,61.38000107,,,,,,
Brunei Darussalam,2011,96.08999634,,,,,,
Brazil,2011,91.41000366,,,,,,
Portugal,2011,94.48000336,,,,,,
Namibia,2011,88.26999664,,,,,,
Heavily indebted poor countries (HIPC),2011,57.29000092,,,,,,
India,2011,69.30000305,,,,,,
IDA total,2011,61.68999863,,,,,,
Togo,2011,60.40999985,,,,,,
Mauritius,2011,89.25,,,,,,
Late-demographic dividend,2011,95.05000305,,,,,,
East Asia & Pacific,2011,94.30000305,,,,,,
South Asia (IDA & IBRD),2011,68.69999695,,,,,,
Small states,2011,84.45999908,,,,,,
Albania,2011,96.84999847,,,,,,
Costa Rica,2011,97.41000366,,,,,,
Latvia,2011,99.90000153,,,,,,
Other small states,2011,82.20999908,,,,,,
IDA & IBRD total,2011,82.16999817,,,,,,
Lithuania,2011,99.81999969,,,,,,
IDA blend,2011,61.41999817,,,,,,
East Asia & Pacific (IDA & IBRD countries),2011,94.56999969,,,,,,
Dominican Republic,2011,90.11000061,,,,,,
World,2011,84.70999908,,,,,,
"Venezuela, RB",2011,94.76999664,,,,,,
Arab World,2011,74.29000092,,,,,,
East Asia & Pacific (excluding high income),2011,94.62999725,,,,,,
Colombia,2011,93.58000183,,,,,,
Least developed countries: UN classification,2011,58.77000046,,,,,,
Cyprus,2011,98.68000031,,,,,,
Latin America & the Caribbean (IDA & IBRD countries),2011,92.37000275,,,,,,
Chile,2011,96.69999695,,,,,,
Low income,2011,57.49000168,,,,,,
Indonesia,2011,92.80999756,,,,,,
IBRD only,2011,87.44999695,,,,,,
"Macao SAR, China",2011,95.63999939,,,,,,
Nepal,2011,59.63000107,,,,,,
Europe & Central Asia (IDA & IBRD countries),2011,98.69999695,,,,,,
Africa Western and Central,2011,52.43999863,,,,,,
Singapore,2011,96.19000244,,,,,,
Sub-Saharan Africa (IDA & IBRD countries),2011,61.00999832,,,,,,
Bulgaria,2011,98.34999847,,,,,,
Jordan,2011,95.90000153,,,,,,
Romania,2011,98.59999847,,,,,,
Sub-Saharan Africa (excluding high income),2011,61,,,,,,
Low & middle income,2011,81.94000244,,,,,,
Europe & Central Asia,2011,98.01999664,,,,,,
"Middle East, North Africa, Afghanistan & Pakistan",2011,70.20999908,,,,,,
Tunisia,2011,79.65000153,,,,,,
South Asia,2011,68.69999695,,,,,,
Upper middle income,2011,93.98999786,,,,,,
Middle income,2011,83.81999969,,,,,,
Bangladesh,2011,58.77000046,,,,,,
Fragile and conflict affected situations,2011,64.56999969,,,,,,
Serbia,2011,97.95999908,,,,,,
Turkiye,2011,94.11000061,,,,,,
El Salvador,2011,85.48999786,,,,,,
Ecuador,2011,91.58999634,,,,,,
Senegal,2011,51.81000137,,,,,,
Estonia,2011,99.88999939,,,,,,
Azerbaijan,2011,99.77999878,,,,,,
Africa Eastern and Southern,2011,66.83000183,,,,,,
Marshall Islands,2011,98.26999664,,,,,,
Lower middle income,2011,70.29000092,,,,,,
Benin,2011,44.68812293,,,,,,
Spain,2011,97.77999878,,,,,,
Latin America & Caribbean (excluding high income),2011,92.19000244,,,,,,
Mexico,2011,93.51999664,,,,,,
Italy,2011,98.84999847,,,,,,
Qatar,2011,96.41000366,,,,,,
South Africa,2011,93.09999847,,,,,,
Armenia,2011,99.73999786,,,,,,
Honduras,2011,85.12000275,,,,,,
"Iran, Islamic Rep.",2011,83.51999664,,,,,,
Sub-Saharan Africa,2011,61.00999832,,,,,,
Europe & Central Asia (excluding high income),2011,97.87000275,,,,,,
West Bank and Gaza,2011,95.02999878,,,,,,
Latin America & Caribbean,2011,92.51999664,,,,,,
Mali,2011,30.62000084,,,,,,
Montenegro,2011,98.44000244,,,,,,
Uruguay,2011,98.33999634,,,,,,
Bolivia,2011,92.23000336,,,,,,
Morocco,2011,67.08000183,,,,,,
Malta,2011,93.30999756,,,,,,
Samoa,2011,98.97000122,,,,,,
Afghanistan,2011,31.45000076,,,,,,
Uganda,2012,70.19999695,,,,,,
Iraq,2012,77.19999695,,,,,,
Latin America & Caribbean (excluding high income),2012,92.51999664,,,,,,
Least developed countries: UN classification,2012,58.18000031,,,,,,
Mauritius,2012,91.76999664,,,,,,
Latin America & the Caribbean (IDA & IBRD countries),2012,92.69000244,,,,,,
Brazil,2012,91.33999634,,,,,,
"Iran, Islamic Rep.",2012,83.62999725,,,,,,
Latin America & Caribbean,2012,92.83000183,,,,,,
Madagascar,2012,71.56999969,,,,,,
Arab World,2012,75.16999817,,,,,,
Tanzania,2012,78.09999847,,,,,,
Kuwait,2012,95.51000214,,,,,,
India,2012,69.82793004,,,,,,
Bolivia,2012,94.45999908,,,,,,
Azerbaijan,2012,99.77999878,,,,,,
Bhutan,2012,55.31999969,,,,,,
Turkiye,2012,94.91999817,,,,,,
"Middle East, North Africa, Afghanistan & Pakistan",2012,71.26000214,,,,,,
Nicaragua,2012,85.6105709,,,,,,
Morocco,2012,69.16000366,,,,,,
Tunisia,2012,80.22000122,,,,,,
Upper middle income,2012,94.26999664,,,,,,
Middle income,2012,84.08000183,,,,,,
"Congo, Dem. Rep.",2012,75.01999664,,,,,,
Niger,2012,30.55999947,,,,,,
Albania,2012,97.25,,,,,,
Bangladesh,2012,57.86000061,,,,,,
Sub-Saharan Africa (IDA & IBRD countries),2012,62.24000168,,,,,,
Jordan,2012,97.88999939,,,,,,
Other small states,2012,82.55999756,,,,,,
Uruguay,2012,98.40000153,,,,,,
South Asia (IDA & IBRD),2012,68.52999878,,,,,,
IDA blend,2012,62.61999893,,,,,,
IDA only,2012,60.84999847,,,,,,
Pakistan,2012,56.75999832,,,,,,
Europe & Central Asia (IDA & IBRD countries),2012,98.83999634,,,,,,
Haiti,2012,73.95333489,,,,,,
Early-demographic dividend,2012,76.02999878,,,,,,
Pre-demographic dividend,2012,59.79000092,,,,,,
Late-demographic dividend,2012,95.23999786,,,,,,
Heavily indebted poor countries (HIPC),2012,58.66999817,,,,,,
Small states,2012,84.69999695,,,,,,
East Asia & Pacific,2012,94.54000092,,,,,,
Africa Western and Central,2012,53,,,,,,
Paraguay,2012,94.19999695,,,,,,
Honduras,2012,85.36000061,,,,,,
World,2012,84.91000366,,,,,,
Sub-Saharan Africa,2012,62.24000168,,,,,,
Guatemala,2012,78.26000214,,,,,,
Europe & Central Asia (excluding high income),2012,98.12999725,,,,,,
Low income,2012,57.97999954,,,,,,
West Bank and Gaza,2012,95.66999817,,,,,,
Qatar,2012,96.68000031,,,,,,
Low & middle income,2012,82.19000244,,,,,,
Rwanda,2012,68.33000183,,,,,,
Europe & Central Asia,2012,98.12000275,,,,,,
South Africa,2012,93.73000336,,,,,,
South Asia,2012,68.52999878,,,,,,
Fragile and conflict affected situations,2012,64.81999969,,,,,,
Africa Eastern and Southern,2012,68.51999664,,,,,,
El Salvador,2012,85.46245599,,,,,,
Ecuador,2012,92.05999756,,,,,,
Singapore,2012,96.37000275,,,,,,
Spain,2012,97.88999939,,,,,,
Lower middle income,2012,70.72000122,,,,,,
"Egypt, Arab Rep.",2012,73.87000275,,,,,,
Sub-Saharan Africa (excluding high income),2012,62.22999954,,,,,,
Sao Tome and Principe,2012,90.13999939,,,,,,
Mexico,2012,94.23000336,,,,,,
Peru,2012,93.83999634,,,,,,
IDA & IBRD total,2012,82.41000366,,,,,,
Suriname,2012,92.87000275,,,,,,
IBRD only,2012,87.80000305,,,,,,
Cuba,2012,99.66999817,,,,,,
"Venezuela, RB",2012,95.98718899,,,,,,
Cabo Verde,2012,85.33000183,,,,,,
East Asia & Pacific (IDA & IBRD countries),2012,94.79000092,,,,,,
East Asia & Pacific (excluding high income),2012,94.86000061,,,,,,
IDA total,2012,61.75999832,,,,,,
Dominican Republic,2012,90.16000366,,,,,,
South Asia,2013,69.83999634,,,,,,
Mexico,2013,93.95999908,,,,,,
Pakistan,2013,55.59000015,,,,,,
Middle income,2013,84.44999695,,,,,,
Europe & Central Asia,2013,98.18000031,,,,,,
Arab World,2013,76.22000122,,,,,,
Qatar,2013,97.48000336,,,,,,
IDA blend,2013,62.50999832,,,,,,
Upper middle income,2013,94.37000275,,,,,,
Bosnia and Herzegovina,2013,96.98999786,,,,,,
Sub-Saharan Africa (excluding high income),2013,63.11999893,,,,,,
Low & middle income,2013,82.56999969,,,,,,
Latin America & the Caribbean (IDA & IBRD countries),2013,92.66999817,,,,,,
Sub-Saharan Africa (IDA & IBRD countries),2013,63.11999893,,,,,,
Dominican Republic,2013,90.86000061,,,,,,
Cambodia,2013,79.65000153,,,,,,
Bangladesh,2013,61.02000046,,,,,,
Saudi Arabia,2013,94.43000031,,,,,,
Latin America & Caribbean (excluding high income),2013,92.51000214,,,,,,
"Egypt, Arab Rep.",2013,72.44000244,,,,,,
Lower middle income,2013,71.59999847,,,,,,
IDA total,2013,62.88000107,,,,,,
Benin,2013,45.08000183,,,,,,
Azerbaijan,2013,99.79000092,,,,,,
Spain,2013,98.08000183,,,,,,
Least developed countries: UN classification,2013,60.20999908,,,,,,
Senegal,2013,43.52999878,,,,,,
Ecuador,2013,93.29000092,,,,,,
Kuwait,2013,95.58999634,,,,,,
Ethiopia,2013,48.35497263,,,,,,
Other small states,2013,83,,,,,,
Turkiye,2013,95.26000214,,,,,,
El Salvador,2013,86.76999664,,,,,,
Africa Eastern and Southern,2013,69.37000275,,,,,,
Fragile and conflict affected situations,2013,65.48000336,,,,,,
"Middle East, North Africa, Afghanistan & Pakistan",2013,71.55000305,,,,,,
Europe & Central Asia (excluding high income),2013,98.20999908,,,,,,
Paraguay,2013,95.05999756,,,,,,
IDA & IBRD total,2013,82.77999878,,,,,,
IBRD only,2013,88.05000305,,,,,,
Brazil,2013,91.48000336,,,,,,
Small states,2013,84.98999786,,,,,,
Uruguay,2013,98.36000061,,,,,,
West Bank and Gaza,2013,96.05000305,,,,,,
Uzbekistan,2013,99.98999786,,,,,,
Low income,2013,58.90000153,,,,,,
South Asia (IDA & IBRD),2013,69.83999634,,,,,,
Heavily indebted poor countries (HIPC),2013,59.74000168,,,,,,
Chile,2013,96.26999664,,,,,,
Late-demographic dividend,2013,95.31999969,,,,,,
Early-demographic dividend,2013,76.70999908,,,,,,
Africa Western and Central,2013,53.84000015,,,,,,
Pre-demographic dividend,2013,60.83000183,,,,,,
East Asia & Pacific (excluding high income),2013,94.93000031,,,,,,
Latin America & Caribbean,2013,92.80999756,,,,,,
IDA only,2013,62.61999893,,,,,,
East Asia & Pacific,2013,94.62000275,,,,,,
Thailand,2013,93.69999695,,,,,,
Guatemala,2013,77.04000092,,,,,,
Mauritania,2013,62.06999969,,,,,,
Singapore,2013,96.55000305,,,,,,
Mauritius,2013,91.48999786,,,,,,
World,2013,85.20999908,,,,,,
Sub-Saharan Africa,2013,63.11999893,,,,,,
"Iran, Islamic Rep.",2013,84.62999725,,,,,,
Honduras,2013,85.45999908,,,,,,
Europe & Central Asia (IDA & IBRD countries),2013,98.87999725,,,,,,
Philippines,2013,96.40000153,,,,,,
Palau,2013,99.5,,,,,,
East Asia & Pacific (IDA & IBRD countries),2013,94.87000275,,,,,,
Arab World,2014,76.30999756,,,,,,
Moldova,2014,99.36000061,,,,,,
Uganda,2014,68.51000214,,,,,,
Least developed countries: UN classification,2014,60.79999924,,,,,,
Lower middle income,2014,72.23000336,,,,,,
Azerbaijan,2014,99.79000092,,,,,,
Morocco,2014,64.26000214,,,,,,
Uruguay,2014,98.44000244,,,,,,
Low income,2014,59.02999878,,,,,,
Late-demographic dividend,2014,95.41000366,,,,,,
Uzbekistan,2014,99.98000336,,,,,,
"Middle East, North Africa, Afghanistan & Pakistan",2014,71.93000031,,,,,,
Africa Eastern and Southern,2014,69.83000183,,,,,,
Africa Western and Central,2014,54.54000092,,,,,,
South Africa,2014,94.13999939,,,,,,
Latin America & Caribbean,2014,93.30999756,,,,,,
Angola,2014,66.02999878,,,,,,
Upper middle income,2014,94.75,,,,,,
World,2014,85.55999756,,,,,,
Low & middle income,2014,82.94999695,,,,,,
Maldives,2014,98.61000061,,,,,,
Sri Lanka,2014,92.53466182,,,,,,
Singapore,2014,96.72000122,,,,,,
Latin America & Caribbean (excluding high income),2014,92.98000336,,,,,,
Small states,2014,85.30000305,,,,,,
Early-demographic dividend,2014,77.5,,,,,,
Pre-demographic dividend,2014,61.45999908,,,,,,
IBRD only,2014,88.41000366,,,,,,
East Asia & Pacific (excluding high income),2014,95.33999634,,,,,,
East Asia & Pacific (IDA & IBRD countries),2014,95.27999878,,,,,,
Dominican Republic,2014,91.76000214,,,,,,
IDA & IBRD total,2014,83.16000366,,,,,,
Mexico,2014,94.55999756,,,,,,
Pakistan,2014,56.97999954,,,,,,
IDA total,2014,63.50999832,,,,,,
Comoros,2014,73.64949606,,,,,,
Europe & Central Asia (IDA & IBRD countries),2014,98.91999817,,,,,,
Other small states,2014,83.41999817,,,,,,
Colombia,2014,94.19000244,,,,,,
Heavily indebted poor countries (HIPC),2014,60.27000046,,,,,,
East Asia & Pacific,2014,95.08999634,,,,,,
Paraguay,2014,95.02999878,,,,,,
Honduras,2014,87.19999695,,,,,,
Sierra Leone,2014,44.36989133,,,,,,
Spain,2014,98.08999634,,,,,,
Ecuador,2014,94.22000122,,,,,,
El Salvador,2014,87.41253345,,,,,,
Fragile and conflict affected situations,2014,66.01000214,,,,,,
South Asia,2014,70.55999756,,,,,,
Europe & Central Asia,2014,98.22000122,,,,,,
IDA blend,2014,63.40000153,,,,,,
Georgia,2014,99.58999634,,,,,,
Qatar,2014,97.75,,,,,,
Sub-Saharan Africa (excluding high income),2014,63.65999985,,,,,,
Guinea,2014,32,,,,,,
Europe & Central Asia (excluding high income),2014,98.29000092,,,,,,
West Bank and Gaza,2014,96.20999908,,,,,,
Guatemala,2014,81.29000092,,,,,,
Sub-Saharan Africa,2014,63.66999817,,,,,,
Rwanda,2014,70.80000305,,,,,,
Cote d'Ivoire,2014,43.90999985,,,,,,
Peru,2014,93.70999908,,,,,,
Bangladesh,2014,61.09000015,,,,,,
Sub-Saharan Africa (IDA & IBRD countries),2014,63.66999817,,,,,,
Tunisia,2014,79.04000092,,,,,,
Brazil,2014,91.73000336,,,,,,
Myanmar,2014,90.36000061,,,,,,
Tanzania,2014,79.89494323,,,,,,
South Asia (IDA & IBRD),2014,70.55999756,,,,,,
Mauritius,2014,92.47000122,,,,,,
Niger,2014,29.04370679,,,,,,
Burkina Faso,2014,34.59999847,,,,,,
Iraq,2014,82.19999695,,,,,,
Central Europe and the Baltics,2014,99.30999756,,,,,,
Middle income,2014,84.87000275,,,,,,
Turkiye,2014,95.44000244,,,,,,
Burundi,2014,61.29000092,,,,,,
Nicaragua,2014,87.32718065,,,,,,
Cambodia,2014,78.05999756,,,,,,
Latin America & the Caribbean (IDA & IBRD countries),2014,93.18000031,,,,,,
Indonesia,2014,95.12000275,,,,,,
IDA only,2014,63.11999893,,,,,,
"Iran, Islamic Rep.",2014,84.70999908,,,,,,
Low & middle income,2015,83.44000244,,,,,,
Middle income,2015,85.36000061,,,,,,
West Bank and Gaza,2015,96.48000336,,,,,,
Sub-Saharan Africa (excluding high income),2015,64.26000214,,,,,,
Thailand,2015,92.87000275,,,,,,
South Africa,2015,94.37000275,,,,,,
South Asia,2015,71.95999908,,,,,,
Turkiye,2015,95.59999847,,,,,,
El Salvador,2015,87.97000122,,,,,,
Senegal,2015,43.59000015,,,,,,
Mexico,2015,94.47000122,,,,,,
Tanzania,2015,77.88999939,,,,,,
Sierra Leone,2015,49.40000153,,,,,,
Singapore,2015,96.83000183,,,,,,
"Middle East, North Africa, Afghanistan & Pakistan",2015,72.75,,,,,,
World,2015,85.95999908,,,,,,
Sub-Saharan Africa,2015,64.26000214,,,,,,
Paraguay,2015,95.55000305,,,,,,
Togo,2015,63.75,,,,,,
Other small states,2015,84.22000122,,,,,,
Europe & Central Asia (IDA & IBRD countries),2015,98.97000122,,,,,,
Timor-Leste,2015,64.44999695,,,,,,
Uzbekistan,2015,99.98000336,,,,,,
Peru,2015,94.16000366,,,,,,
Uruguay,2015,98.51999664,,,,,,
Late-demographic dividend,2015,95.56999969,,,,,,
East Asia & Pacific (IDA & IBRD countries),2015,95.48999786,,,,,,
"Venezuela, RB",2015,96.61000061,,,,,,
South Asia (IDA & IBRD),2015,71.95999908,,,,,,
Philippines,2015,98.18000031,,,,,,
Palau,2015,96.58999634,,,,,,
Mauritius,2015,92.70999908,,,,,,
Small states,2015,85.86000061,,,,,,
Pre-demographic dividend,2015,62.08000183,,,,,,
Mauritania,2015,65.11000061,,,,,,
Mozambique,2015,56.04000092,,,,,,
Oman,2015,93.04000092,,,,,,
Mali,2015,33.06999969,,,,,,
Upper middle income,2015,94.88999939,,,,,,
Sub-Saharan Africa (IDA & IBRD countries),2015,64.26000214,,,,,,
Latin America & the Caribbean (IDA & IBRD countries),2015,93.33000183,,,,,,
Lower middle income,2015,73.30999756,,,,,,
Heavily indebted poor countries (HIPC),2015,60.84999847,,,,,,
Colombia,2015,94.25,,,,,,
East Asia & Pacific,2015,95.30000305,,,,,,
Europe & Central Asia,2015,98.26999664,,,,,,
Latin America & Caribbean,2015,93.44999695,,,,,,
Chile,2015,96.87000275,,,,,,
Low income,2015,59.70000076,,,,,,
Latin America & Caribbean (excluding high income),2015,93.11000061,,,,,,
Fragile and conflict affected situations,2015,66.43000031,,,,,,
Honduras,2015,87.91000366,,,,,,
Azerbaijan,2015,99.79000092,,,,,,
IDA blend,2015,64.12999725,,,,,,
Central Europe and the Baltics,2015,99.33000183,,,,,,
Guatemala,2015,80.19999695,,,,,,
Least developed countries: UN classification,2015,62.72999954,,,,,,
Bangladesh,2015,65.13999939,,,,,,
IDA only,2015,64.87999725,,,,,,
Early-demographic dividend,2015,78.41000366,,,,,,
"Gambia, The",2015,50.77999878,,,,,,
Indonesia,2015,95.22000122,,,,,,
Lao PDR,2015,84.66000366,,,,,,
Ghana,2015,60.19810354,,,,,,
Belize,2015,90.91999817,,,,,,
Bolivia,2015,92.45999908,,,,,,
Sri Lanka,2015,92.5537849,,,,,,
Arab World,2015,77.15000153,,,,,,
Brazil,2015,92.05000305,,,,,,
Angola,2015,66.23999786,,,,,,
IBRD only,2015,88.69000244,,,,,,
Afghanistan,2015,33.75,,,,,,
Africa Western and Central,2015,55.40999985,,,,,,
Europe & Central Asia (excluding high income),2015,98.36000061,,,,,,
Cambodia,2015,80.52999878,,,,,,
"Iran, Islamic Rep.",2015,85.28343266,,,,,,
Cabo Verde,2015,86.79000092,,,,,,
IDA total,2015,64.91999817,,,,,,
Dominican Republic,2015,91.98999786,,,,,,
Kuwait,2015,95.69000244,,,,,,
Ecuador,2015,94.45999908,,,,,,
East Asia & Pacific (excluding high income),2015,95.54000092,,,,,,
Spain,2015,98.13999939,,,,,,
Africa Eastern and Southern,2015,70.23999786,,,,,,
IDA & IBRD total,2015,83.63999939,,,,,,
Mauritius,2016,93.16000366,,,,,,
Brazil,2016,92.80999756,,,,,,
Europe & Central Asia (IDA & IBRD countries),2016,99.02999878,,,,,,
Sub-Saharan Africa (excluding high income),2016,64.88999939,,,,,,
South Asia (IDA & IBRD),2016,73.34999847,,,,,,
IDA only,2016,66.61000061,,,,,,
Indonesia,2016,95.37999725,,,,,,
East Asia & Pacific (IDA & IBRD countries),2016,95.69000244,,,,,,
Middle income,2016,85.76000214,,,,,,
Serbia,2016,98.83999634,,,,,,
Fragile and conflict affected situations,2016,66.90000153,,,,,,
Dominican Republic,2016,93.77999878,,,,,,
"Middle East, North Africa, Afghanistan & Pakistan",2016,72.34999847,,,,,,
Nigeria,2016,58.22000122,,,,,,
Central Europe and the Baltics,2016,99.34999847,,,,,,
Colombia,2016,94.65000153,,,,,,
Thailand,2016,91.98000336,,,,,,
Spain,2016,98.25,,,,,,
Namibia,2016,88.13049792,,,,,,
"Congo, Dem. Rep.",2016,77.04000092,,,,,,
Senegal,2016,46.09999847,,,,,,
Cote d'Ivoire,2016,50.04000092,,,,,,
Ethiopia,2016,47.49000168,,,,,,
Tonga,2016,97.15000153,,,,,,
Iraq,2016,83.30000305,,,,,,
El Salvador,2016,88.13999939,,,,,,
East Asia & Pacific (excluding high income),2016,95.73999786,,,,,,
Latin America & Caribbean (excluding high income),2016,93.55999756,,,,,,
Latin America & the Caribbean (IDA & IBRD countries),2016,93.77999878,,,,,,
South Asia,2016,73.34999847,,,,,,
Singapore,2016,97.05000305,,,,,,
Chad,2016,22.30999947,,,,,,
Timor-Leste,2016,65.77999878,,,,,,
Mexico,2016,94.86000061,,,,,,
Nepal,2016,65.5,,,,,,
Early-demographic dividend,2016,79.08000183,,,,,,
Small states,2016,87.06999969,,,,,,
Sub-Saharan Africa,2016,64.88999939,,,,,,
Uzbekistan,2016,99.98999786,,,,,,
Pre-demographic dividend,2016,62.68000031,,,,,,
Arab World,2016,75.91999817,,,,,,
Lesotho,2016,97.26999664,,,,,,
"Venezuela, RB",2016,97.12999725,,,,,,
IBRD only,2016,88.87000275,,,,,,
East Asia & Pacific,2016,95.5,,,,,,
IDA total,2016,66.31999969,,,,,,
Low & middle income,2016,83.83000183,,,,,,
Sri Lanka,2016,92.38999939,,,,,,
Africa Western and Central,2016,55.86999893,,,,,,
World,2016,86.27999878,,,,,,
"Iran, Islamic Rep.",2016,85.54000092,,,,,,
Samoa,2016,99.40000153,,,,,,
Europe & Central Asia (excluding high income),2016,98.48000336,,,,,,
Lower middle income,2016,74.06999969,,,,,,
Peru,2016,94.16999817,,,,,,
Africa Eastern and Southern,2016,70.95999908,,,,,,
South Africa,2016,91.73999786,,,,,,
IDA & IBRD total,2016,84.02999878,,,,,,
Latin America & Caribbean,2016,93.88999939,,,,,,
Heavily indebted poor countries (HIPC),2016,61.45999908,,,,,,
Uruguay,2016,98.55999756,,,,,,
Low income,2016,60.36000061,,,,,,
Sub-Saharan Africa (IDA & IBRD countries),2016,64.88999939,,,,,,
Myanmar,2016,84.77999878,,,,,,
Maldives,2016,97.73000336,,,,,,
Ecuador,2016,94.34999847,,,,,,
Bangladesh,2016,72.76000214,,,,,,
Least developed countries: UN classification,2016,64.59999847,,,,,,
West Bank and Gaza,2016,96.72000122,,,,,,
Turkiye,2016,95.86000061,,,,,,
"Macao SAR, China",2016,96.54000092,,,,,,
Paraguay,2016,94.65000153,,,,,,
Europe & Central Asia,2016,98.33000183,,,,,,
IDA blend,2016,64.84999847,,,,,,
Uganda,2016,69.09999847,,,,,,
Azerbaijan,2016,99.79000092,,,,,,
Honduras,2016,88.98999786,,,,,,
Armenia,2016,99.73999786,,,,,,
Other small states,2016,85.87000275,,,,,,
Late-demographic dividend,2016,95.79000092,,,,,,
Upper middle income,2016,95.12000275,,,,,,
Burundi,2016,65.69000244,,,,,,
Malaysia,2016,94.87999725,,,,,,
Europe & Central Asia,2017,98.41000366,,,,,,
Malawi,2017,72.82667782,,,,,,
El Salvador,2017,88.48000336,,,,,,
Europe & Central Asia (excluding high income),2017,98.58999634,,,,,,
Senegal,2017,51.90000153,,,,,,
Ecuador,2017,92.83000183,,,,,,
Peru,2017,94.15000153,,,,,,
Pakistan,2017,59.13000107,,,,,,
Papua New Guinea,2017,70.05999756,,,,,,
IBRD only,2017,89.05999756,,,,,,
IDA total,2017,66.91000366,,,,,,
Haiti,2017,68.01000214,,,,,,
Pre-demographic dividend,2017,63.84000015,,,,,,
Heavily indebted poor countries (HIPC),2017,62.58000183,,,,,,
Puerto Rico (US),2017,92.38999939,,,,,,
Other small states,2017,86.23000336,,,,,,
IDA blend,2017,65.05999756,,,,,,
West Bank and Gaza,2017,96.91999817,,,,,,
Oman,2017,95.58000183,,,,,,
Ghana,2017,64.48999786,,,,,,
Nepal,2017,66.86539476,,,,,,
Georgia,2017,99.36000061,,,,,,
Fragile and conflict affected situations,2017,67.61000061,,,,,,
IDA only,2017,67.41000366,,,,,,
South Asia,2017,74.01999664,,,,,,
Saudi Arabia,2017,95.33000183,,,,,,
Lower middle income,2017,74.61000061,,,,,,
"Egypt, Arab Rep.",2017,71.16999817,,,,,,
North America,2017,98.75,,,,,,
Singapore,2017,97.19999695,,,,,,
Sierra Leone,2017,44.83000183,,,,,,
Malaysia,2017,95.08000183,,,,,,
Sub-Saharan Africa (excluding high income),2017,65.23999786,,,,,,
East Asia & Pacific (IDA & IBRD countries),2017,95.87999725,,,,,,
"Iran, Islamic Rep.",2017,85.94679069,,,,,,
Latin America & Caribbean (excluding high income),2017,93.61000061,,,,,,
Latin America & the Caribbean (IDA & IBRD countries),2017,93.80999756,,,,,,
Central Europe and the Baltics,2017,99.37000275,,,,,,
Bhutan,2017,66.55999756,,,,,,
South Asia (IDA & IBRD),2017,74.01999664,,,,,,
"Middle East, North Africa, Afghanistan & Pakistan",2017,72.72000122,,,,,,
Lao PDR,2017,73.72000122,,,,,,
Mozambique,2017,60.65999985,,,,,,
Latin America & Caribbean,2017,93.91999817,,,,,,
Sub-Saharan Africa (IDA & IBRD countries),2017,65.25,,,,,,
Maldives,2017,94.51000214,,,,,,
Bangladesh,2017,72.88999939,,,,,,
Least developed countries: UN classification,2017,65.48999786,,,,,,
Turkiye,2017,96.15000153,,,,,,
Benin,2017,38.86999893,,,,,,
Burundi,2017,68.37999725,,,,,,
Azerbaijan,2017,99.79000092,,,,,,
Africa Eastern and Southern,2017,70.87999725,,,,,,
Samoa,2017,99.70719033,,,,,,
World,2017,86.47000122,,,,,,
Sri Lanka,2017,91.90000153,,,,,,
Low & middle income,2017,84.05999756,,,,,,
Africa Western and Central,2017,56.88000107,,,,,,
Mexico,2017,94.97000122,,,,,,
"Venezuela, RB",2017,97.18371831,,,,,,
Arab World,2017,76.58999634,,,,,,
Uruguay,2017,98.62000275,,,,,,
Upper middle income,2017,95.16000366,,,,,,
Low income,2017,61.41999817,,,,,,
Late-demographic dividend,2017,95.94999695,,,,,,
Armenia,2017,99.73999786,,,,,,
Albania,2017,98.80999756,,,,,,
Chile,2017,96.40000153,,,,,,
Brazil,2017,93.08000183,,,,,,
Early-demographic dividend,2017,79.33000183,,,,,,
IDA & IBRD total,2017,84.25,,,,,,
Dominican Republic,2017,93.23321534,,,,,,
Middle income,2017,85.95999908,,,,,,
Small states,2017,87.33000183,,,,,,
Cayman Islands,2017,98.87000275,,,,,,
East Asia & Pacific (excluding high income),2017,95.93000031,,,,,,
Europe & Central Asia (IDA & IBRD countries),2017,99.08999634,,,,,,
Sub-Saharan Africa,2017,65.25,,,,,,
East Asia & Pacific,2017,95.69000244,,,,,,
Iraq,2017,85.59999847,,,,,,
Kuwait,2017,96.04000092,,,,,,
Togo,2017,60.95370219,,,,,,
Colombia,2017,94.88738856,,,,,,
IBRD only,2018,89.29000092,,,,,,
Honduras,2018,87.20999908,,,,,,
Zambia,2018,71.12999725,,,,,,
East Asia & Pacific (excluding high income),2018,95.94999695,,,,,,
El Salvador,2018,89.01000214,,,,,,
Europe & Central Asia,2018,98.5,,,,,,
Upper middle income,2018,95.31999969,,,,,,
Small states,2018,87.52999878,,,,,,
Sub-Saharan Africa (excluding high income),2018,67.12000275,,,,,,
Africa Eastern and Southern,2018,71.66999817,,,,,,
Uruguay,2018,98.69999695,,,,,,
Arab World,2018,76.91000366,,,,,,
Uzbekistan,2018,99.98999786,,,,,,
Heavily indebted poor countries (HIPC),2018,64.54000092,,,,,,
East Asia & Pacific,2018,95.73000336,,,,,,
Peru,2018,94.41000366,,,,,,
World,2018,86.76000214,,,,,,
Early-demographic dividend,2018,79.68000031,,,,,,
Africa Western and Central,2018,60.34999847,,,,,,
Sub-Saharan Africa,2018,67.12999725,,,,,,
Europe & Central Asia (excluding high income),2018,98.66000366,,,,,,
Pre-demographic dividend,2018,65.79000092,,,,,,
"Congo, Dem. Rep.",2018,73.55000305,,,,,,
East Asia & Pacific (IDA & IBRD countries),2018,95.90000153,,,,,,
Dominican Republic,2018,93.43605849,,,,,,
Thailand,2018,93.76999664,,,,,,
Senegal,2018,46.61000061,,,,,,
South Asia,2018,74.73999786,,,,,,
Spain,2018,98.44000244,,,,,,
Latin America & the Caribbean (IDA & IBRD countries),2018,94,,,,,,
Central Europe and the Baltics,2018,99.41999817,,,,,,
Brazil,2018,93.23000336,,,,,,
South Asia (IDA & IBRD),2018,74.73999786,,,,,,
Fragile and conflict affected situations,2018,67.41999817,,,,,,
Colombia,2018,95.08999634,,,,,,
Europe & Central Asia (IDA & IBRD countries),2018,99.19999695,,,,,,
Singapore,2018,97.33999634,,,,,,
Rwanda,2018,73.22000122,,,,,,
Georgia,2018,99.65000153,,,,,,
Sierra Leone,2018,48.81436677,,,,,,
Sub-Saharan Africa (IDA & IBRD countries),2018,67.12999725,,,,,,
Guinea,2018,39.61999893,,,,,,
Tunisia,2018,79.48000336,,,,,,
Bangladesh,2018,73.91000366,,,,,,
West Bank and Gaza,2018,97.22000122,,,,,,
"Gambia, The",2018,53.15999985,,,,,,
Burkina Faso,2018,39.34999847,,,,,,
Guatemala,2018,80.80999756,,,,,,
Paraguay,2018,94.01999664,,,,,,
Cameroon,2018,72.55000305,,,,,,
Armenia,2018,100,,,,,,
IDA & IBRD total,2018,84.62000275,,,,,,
Lower middle income,2018,75.44000244,,,,,,
Kiribati,2018,97.95999908,,,,,,
"Middle East, North Africa, Afghanistan & Pakistan",2018,72.66000366,,,,,,
Low income,2018,61.72000122,,,,,,
IDA total,2018,68,,,,,,
Myanmar,2018,95.81428591,,,,,,
Kuwait,2018,96.05999756,,,,,,
Lesotho,2018,86.23999786,,,,,,
IDA blend,2018,67.43000031,,,,,,
Low & middle income,2018,84.43000031,,,,,,
IDA only,2018,68.83000183,,,,,,
Mexico,2018,95.37999725,,,,,,
Mongolia,2018,96.90000153,,,,,,
Indonesia,2018,95.66000366,,,,,,
Montenegro,2018,98.52999878,,,,,,
Latin America & Caribbean (excluding high income),2018,93.80999756,,,,,,
Malaysia,2018,94.84999847,,,,,,
Other small states,2018,86.5,,,,,,
Niger,2018,33.04999924,,,,,,
Sri Lanka,2018,91.70999908,,,,,,
Late-demographic dividend,2018,96.09999847,,,,,,
Least developed countries: UN classification,2018,65.94999695,,,,,,
Oman,2018,95.65000153,,,,,,
North America,2018,98.76000214,,,,,,
Mali,2018,35.47000122,,,,,,
Panama,2018,95.41000366,,,,,,
Latin America & Caribbean,2018,94.09999847,,,,,,
Malawi,2018,76.72000122,,,,,,
Middle income,2018,86.37000275,,,,,,
Pakistan,2018,57.00999832,,,,,,
India,2018,73.68835248,,,,,,
"Iran, Islamic Rep.",2018,86.86883509,,,,,,
Jordan,2018,95.43000031,,,,,,
Namibia,2018,88.28323766,,,,,,
Lebanon,2018,92.66999817,,,,,,
Madagascar,2018,76.68000031,,,,,,
Central African Republic,2019,42.43999863,,,,,,
Latin America & Caribbean,2019,94.26999664,,,,,,
South Asia (IDA & IBRD),2019,74.51000214,,,,,,
India,2019,74.893863,,,,,,
"Middle East, North Africa, Afghanistan & Pakistan",2019,72.90000153,,,,,,
Small states,2019,87.70999908,,,,,,
Myanmar,2019,89.06999969,,,,,,
Central Europe and the Baltics,2019,99.44000244,,,,,,
Brazil,2019,93.8926267,,,,,,
Europe & Central Asia (excluding high income),2019,98.80000305,,,,,,
Tonga,2019,91.05000305,,,,,,
Lebanon,2019,92.00997448,,,,,,
Nepal,2019,68.70999908,,,,,,
Georgia,2019,99.87571517,,,,,,
Zimbabwe,2019,93.23000336,,,,,,
Mexico,2019,95.38894032,,,,,,
Latin America & Caribbean (excluding high income),2019,93.98999786,,,,,,
Dominican Republic,2019,93.67269162,,,,,,
East Asia & Pacific (IDA & IBRD countries),2019,96.05000305,,,,,,
Middle income,2019,86.45999908,,,,,,
North America,2019,98.76000214,,,,,,
Cuba,2019,97.65000153,,,,,,
Senegal,2019,46.83000183,,,,,,
Cambodia,2019,87.66000366,,,,,,
Chad,2019,30.62999916,,,,,,
Europe & Central Asia (IDA & IBRD countries),2019,99.26999664,,,,,,
East Asia & Pacific (excluding high income),2019,96.09999847,,,,,,
Ethiopia,2019,55.04999924,,,,,,
Colombia,2019,95.25,,,,,,
Togo,2019,66.54000092,,,,,,
Marshall Islands,2019,98.18000031,,,,,,
IDA only,2019,69.08999634,,,,,,
Sierra Leone,2019,43.58000183,,,,,,
Thailand,2019,91.26999664,,,,,,
Sao Tome and Principe,2019,87.44000244,,,,,,
Cote d'Ivoire,2019,56.95924006,,,,,,
South Asia,2019,74.51000214,,,,,,
Belarus,2019,99.87000275,,,,,,
Malaysia,2019,94.97000122,,,,,,
Fragile and conflict affected situations,2019,67.20999908,,,,,,
Latin America & the Caribbean (IDA & IBRD countries),2019,94.16999817,,,,,,
Europe & Central Asia,2019,98.56999969,,,,,,
Bangladesh,2019,74.68000031,,,,,,
Sub-Saharan Africa (IDA & IBRD countries),2019,67.73000336,,,,,,
Maldives,2019,98.20999908,,,,,,
Arab World,2019,77.15000153,,,,,,
Uzbekistan,2019,100,,,,,,
Heavily indebted poor countries (HIPC),2019,64.70999908,,,,,,
Lesotho,2019,92.39616595,,,,,,
Viet Nam,2019,95.75,,,,,,
Vanuatu,2019,92.4744487,,,,,,
East Asia & Pacific,2019,95.87000275,,,,,,
IDA total,2019,68.20999908,,,,,,
Serbia,2019,99.48000336,,,,,,
Africa Western and Central,2019,60.13999939,,,,,,
"Somalia, Fed. Rep.",2019,63.65793783,,,,,,
Low & middle income,2019,84.47000122,,,,,,
Sri Lanka,2019,92.25,,,,,,
Philippines,2019,96.27999878,,,,,,
World,2019,86.79000092,,,,,,
Sub-Saharan Africa (excluding high income),2019,67.72000122,,,,,,
Samoa,2019,97.98999786,,,,,,
Africa Eastern and Southern,2019,72.80000305,,,,,,
Pakistan,2019,58,,,,,,
South Africa,2019,95.01999664,,,,,,
Panama,2019,95.73999786,,,,,,
Lower middle income,2019,75.41000366,,,,,,
IDA & IBRD total,2019,84.65000153,,,,,,
IBRD only,2019,89.33999634,,,,,,
Pre-demographic dividend,2019,65.93000031,,,,,,
Mongolia,2019,98.45999908,,,,,,
El Salvador,2019,89.13999939,,,,,,
West Bank and Gaza,2019,97.37999725,,,,,,
Italy,2019,99.34999847,,,,,,
Tunisia,2019,80.55000305,,,,,,
Guinea-Bissau,2019,54.88000107,,,,,,
Burkina Faso,2019,29.65999985,,,,,,
Least developed countries: UN classification,2019,66.22000122,,,,,,
Early-demographic dividend,2019,79.79000092,,,,,,
Turkiye,2019,96.73999786,,,,,,
Benin,2019,49,,,,,,
Uruguay,2019,98.76999664,,,,,,
Paraguay,2019,93.20999908,,,,,,
IDA blend,2019,67.51999664,,,,,,
Singapore,2019,97.48000336,,,,,,
Azerbaijan,2019,99.80000305,,,,,,
United Arab Emirates,2019,97.77999878,,,,,,
"Iran, Islamic Rep.",2019,87.37883067,,,,,,
Upper middle income,2019,95.62000275,,,,,,
Low income,2019,61.74000168,,,,,,
Late-demographic dividend,2019,96.23000336,,,,,,
Honduras,2019,88.51000214,,,,,,
Other small states,2019,86.70999908,,,,,,
Sub-Saharan Africa,2019,67.73000336,,,,,,
Armenia,2019,100,,,,,,
Mongolia,2020,99.18000031,,,,,,
East Asia & Pacific,2020,96.08999634,,,,,,
East Asia & Pacific (excluding high income),2020,96.30999756,,,,,,
Early-demographic dividend,2020,80.30000305,,,,,,
Mozambique,2020,59.77999878,,,,,,
Myanmar,2020,93.52739555,,,,,,
"Iran, Islamic Rep.",2020,87.9028264,,,,,,
Sub-Saharan Africa,2020,67.88999939,,,,,,
Mauritania,2020,59.52999878,,,,,,
Sub-Saharan Africa (excluding high income),2020,67.87999725,,,,,,
Small states,2020,87.58000183,,,,,,
Brazil,2020,94.74441143,,,,,,
East Asia & Pacific (IDA & IBRD countries),2020,96.26999664,,,,,,
Armenia,2020,99.79000092,,,,,,
Late-demographic dividend,2020,96.36000061,,,,,,
Upper middle income,2020,95.73000336,,,,,,
Argentina,2020,99.13999939,,,,,,
Low income,2020,61.88000107,,,,,,
Uruguay,2020,98.95961981,,,,,,
Arab World,2020,77.55999756,,,,,,
Burundi,2020,71.33747897,,,,,,
Low & middle income,2020,84.72000122,,,,,,
Africa Western and Central,2020,60.25,,,,,,
Afghanistan,2020,36.01496503,,,,,,
Sri Lanka,2020,92.37999725,,,,,,
World,2020,86.98000336,,,,,,
Africa Eastern and Southern,2020,72.98000336,,,,,,
Lower middle income,2020,76.04000092,,,,,,
Zambia,2020,81.75300874,,,,,,
Vanuatu,2020,89.79309939,,,,,,
Dominican Republic,2020,93.69263721,,,,,,
Tanzania,2020,82.23610192,,,,,,
Bangladesh,2020,74.91000366,,,,,,
Cambodia,2020,82.55104308,,,,,,
Europe & Central Asia (IDA & IBRD countries),2020,99.29000092,,,,,,
Colombia,2020,95.63999939,,,,,,
Kiribati,2020,98.60798164,,,,,,
"Congo, Dem. Rep.",2020,65.68287443,,,,,,
Mexico,2020,95.25,,,,,,
China,2020,96.73999786,,,,,,
Least developed countries: UN classification,2020,66.44999695,,,,,,
Kuwait,2020,96.45999908,,,,,,
Latin America & the Caribbean (IDA & IBRD countries),2020,94.23000336,,,,,,
Central Europe and the Baltics,2020,99.44999695,,,,,,
"Middle East, North Africa, Afghanistan & Pakistan",2020,73.44999695,,,,,,
South Asia (IDA & IBRD),2020,75.23999786,,,,,,
Bolivia,2020,93.84999847,,,,,,
Latin America & Caribbean,2020,94.33000183,,,,,,
Sub-Saharan Africa (IDA & IBRD countries),2020,67.88999939,,,,,,
Latin America & Caribbean (excluding high income),2020,94.05000305,,,,,,
Europe & Central Asia (excluding high income),2020,98.83000183,,,,,,
Middle income,2020,86.75,,,,,,
IBRD only,2020,89.63999939,,,,,,
Philippines,2020,98.47000122,,,,,,
Georgia,2020,99.89306621,,,,,,
Peru,2020,94.5,,,,,,
Indonesia,2020,96,,,,,,
El Salvador,2020,89.98000336,,,,,,
Malawi,2020,70.15000153,,,,,,
Europe & Central Asia,2020,98.61000061,,,,,,
North America,2020,98.76999664,,,,,,
South Asia,2020,75.23999786,,,,,,
IDA blend,2020,67.87000275,,,,,,
OECD members,2020,97.20999908,,,,,,
Ecuador,2020,93.62999725,,,,,,
IDA total,2020,68.48000336,,,,,,
High income,2020,97.70999908,,,,,,
Palau,2020,99.84480813,,,,,,
Guyana,2020,85.63999939,,,,,,
Paraguay,2020,94.54000092,,,,,,
Fragile and conflict affected situations,2020,67.11000061,,,,,,
Other small states,2020,86.55000305,,,,,,
Spain,2020,98.58999634,,,,,,
Singapore,2020,97.12999725,,,,,,
Saudi Arabia,2020,97.58999634,,,,,,
Heavily indebted poor countries (HIPC),2020,64.95999908,,,,,,
IDA & IBRD total,2020,84.88999939,,,,,,
Rwanda,2020,80.05000305,,,,,,
India,2020,75.52706295,,,,,,
IDA only,2020,69.30000305,,,,,,
West Bank and Gaza,2020,97.51000214,,,,,,
Pre-demographic dividend,2020,66.16000366,,,,,,
Oman,2020,96.90000153,,,,,,
East Asia & Pacific (IDA & IBRD countries),2021,96.41000366,,,,,,
"Egypt, Arab Rep.",2021,82.08038582,,,,,,
IBRD only,2021,89.86000061,,,,,,
Middle income,2021,86.98999786,,,,,,
Central Europe and the Baltics,2021,99.47000122,,,,,,
Benin,2021,43.83000183,,,,,,
Africa Eastern and Southern,2021,72.72000122,,,,,,
Latin America & Caribbean,2021,94.5,,,,,,
West Bank and Gaza,2021,97.68400009,,,,,,
Dominican Republic,2021,93.73097144,,,,,,
Least developed countries: UN classification,2021,67.02999878,,,,,,
Afghanistan,2021,37.27000046,,,,,,
Turkiye,2021,97.26000214,,,,,,
Europe & Central Asia (IDA & IBRD countries),2021,99.30999756,,,,,,
IDA blend,2021,68.20999908,,,,,,
Bangladesh,2021,76.36000061,,,,,,
Spain,2021,99.69999695,,,,,,
Cote d'Ivoire,2021,50,,,,,,
Cambodia,2021,71.93000031,,,,,,
IDA only,2021,69.80000305,,,,,,
South Asia,2021,76.05999756,,,,,,
Nigeria,2021,63.15999985,,,,,,
Colombia,2021,95.66065003,,,,,,
"Gambia, The",2021,51.63999939,,,,,,
Ghana,2021,76.48999786,,,,,,
Tunisia,2021,83.68000031,,,,,,
Madagascar,2021,74.69000244,,,,,,
World,2021,87.16999817,,,,,,
Ethiopia,2021,54.88536995,,,,,,
North America,2021,98.79000092,,,,,,
Mexico,2021,95.68909813,,,,,,
Sub-Saharan Africa (IDA & IBRD countries),2021,67.83999634,,,,,,
Burkina Faso,2021,36.97000122,,,,,,
Marshall Islands,2021,95.76293024,,,,,,
Comoros,2021,75.62019802,,,,,,
Uganda,2021,79.04765407,,,,,,
Singapore,2021,97.65000153,,,,,,
El Salvador,2021,89.05864863,,,,,,
United Arab Emirates,2021,98.12999725,,,,,,
Latin America & Caribbean (excluding high income),2021,94.23999786,,,,,,
Low & middle income,2021,84.93000031,,,,,,
Russian Federation,2021,99.93000031,,,,,,
Arab World,2021,77.87000275,,,,,,
Mauritius,2021,92.98002133,,,,,,
Mongolia,2021,99.2143569,,,,,,
Pre-demographic dividend,2021,66.55000305,,,,,,
Low income,2021,62.33000183,,,,,,
East Asia & Pacific,2021,96.22000122,,,,,,
Brazil,2021,94.77261709,,,,,,
IDA & IBRD total,2021,85.09999847,,,,,,
Panama,2021,96.21191001,,,,,,
Sri Lanka,2021,92.43000031,,,,,,
Sub-Saharan Africa (excluding high income),2021,67.83000183,,,,,,
India,2021,76.05966174,,,,,,
IDA total,2021,68.94000244,,,,,,
Uzbekistan,2021,100,,,,,,
Zambia,2021,79.94946219,,,,,,
Heavily indebted poor countries (HIPC),2021,65.41999817,,,,,,
Iraq,2021,84.06489417,,,,,,
Gabon,2021,88.86000061,,,,,,
Sub-Saharan Africa,2021,67.83999634,,,,,,
Pakistan,2021,58.86000061,,,,,,
Fragile and conflict affected situations,2021,67.19000244,,,,,,
Syrian Arab Republic,2021,94.41999817,,,,,,
Africa Western and Central,2021,60.50999832,,,,,,
East Asia & Pacific (excluding high income),2021,96.44999695,,,,,,
South Asia (IDA & IBRD),2021,76.05999756,,,,,,
Ecuador,2021,94.48000336,,,,,,
Late-demographic dividend,2021,96.48000336,,,,,,
Europe & Central Asia (excluding high income),2021,98.87000275,,,,,,
South Africa,2021,90,,,,,,
Small states,2021,87.70999908,,,,,,
Nauru,2021,94.6337926,,,,,,
Georgia,2021,99.91808421,,,,,,
"Iran, Islamic Rep.",2021,88.4555945,,,,,,
Lower middle income,2021,76.65000153,,,,,,
Other small states,2021,86.73000336,,,,,,
Europe & Central Asia,2021,98.73999786,,,,,,
Upper middle income,2021,95.76000214,,,,,,
Early-demographic dividend,2021,80.70999908,,,,,,
Romania,2021,99.16000366,,,,,,
"Middle East, North Africa, Afghanistan & Pakistan",2021,73.91999817,,,,,,
Latin America & the Caribbean (IDA & IBRD countries),2021,94.41000366,,,,,,
South Asia (IDA & IBRD),2022,76.90000153,,,,,,
Brazil,2022,94.37686616,,,,,,
"Middle East, North Africa, Afghanistan & Pakistan",2022,74.51999664,,,,,,
Georgia,2022,99.56999969,,,,,,
Papua New Guinea,2022,87.00468905,,,,,,
West Bank and Gaza,2022,97.83999634,,,,,,
Uzbekistan,2022,100,,,,,,
Low & middle income,2022,85.22000122,,,,,,
Uruguay,2022,98.84999847,,,,,,
Other small states,2022,86.86000061,,,,,,
Low income,2022,62.77000046,,,,,,
Arab World,2022,78.26999664,,,,,,
Pre-demographic dividend,2022,66.98999786,,,,,,
United Arab Emirates,2022,98.29000092,,,,,,
Heavily indebted poor countries (HIPC),2022,65.87000275,,,,,,
Africa Western and Central,2022,60.77999878,,,,,,
Upper middle income,2022,95.91000366,,,,,,
Viet Nam,2022,96.12999725,,,,,,
Honduras,2022,88.21927896,,,,,,
IDA total,2022,69.36000061,,,,,,
Armenia,2022,99.81999969,,,,,,
Late-demographic dividend,2022,96.61000061,,,,,,
Least developed countries: UN classification,2022,67.55000305,,,,,,
Sub-Saharan Africa (IDA & IBRD countries),2022,68.15000153,,,,,,
IDA & IBRD total,2022,85.37999725,,,,,,
Bahrain,2022,97.87000275,,,,,,
Bangladesh,2022,79,,,,,,
Oman,2022,97.33999634,,,,,,
IDA blend,2022,68.54000092,,,,,,
Belize,2022,87.87999725,,,,,,
Latin America & Caribbean,2022,94.68000031,,,,,,
Burkina Faso,2022,40.91999817,,,,,,
Benin,2022,51.38000107,,,,,,
Guatemala,2022,83.02999878,,,,,,
Bhutan,2022,64.91000366,,,,,,
Tuvalu,2022,100,,,,,,
Tanzania,2022,78.20999908,,,,,,
Guinea-Bissau,2022,63.93000031,,,,,,
Europe & Central Asia (excluding high income),2022,98.91000366,,,,,,
Latin America & the Caribbean (IDA & IBRD countries),2022,94.59999847,,,,,,
Eswatini,2022,90.75,,,,,,
South Asia,2022,76.90000153,,,,,,
Serbia,2022,99.33999634,,,,,,
World,2022,87.38999939,,,,,,
Mongolia,2022,98.73000336,,,,,,
"Somalia, Fed. Rep.",2022,54.11999893,,,,,,
San Marino,2022,99.91000366,,,,,,
Togo,2022,72.59999847,,,,,,
Middle income,2022,87.30000305,,,,,,
Ethiopia,2022,60.45999908,,,,,,
Ecuador,2022,96.26000214,,,,,,
"Iran, Islamic Rep.",2022,88.59422972,,,,,,
El Salvador,2022,89.35371516,,,,,,
Small states,2022,87.83000183,,,,,,
Europe & Central Asia (IDA & IBRD countries),2022,99.33000183,,,,,,
North America,2022,98.79000092,,,,,,
Colombia,2022,95.31030793,,,,,,
IDA only,2022,70.23999786,,,,,,
East Asia & Pacific (IDA & IBRD countries),2022,96.55000305,,,,,,
Early-demographic dividend,2022,81.23999786,,,,,,
Africa Eastern and Southern,2022,73.05999756,,,,,,
"Egypt, Arab Rep.",2022,79.45316195,,,,,,
Europe & Central Asia,2022,98.75,,,,,,
Sub-Saharan Africa,2022,68.15000153,,,,,,
Thailand,2022,91.09999847,,,,,,
East Asia & Pacific,2022,96.36000061,,,,,,
Turkmenistan,2022,99.90000153,,,,,,
Rwanda,2022,78.76000214,,,,,,
India,2022,76.31999969,,,,,,
Malaysia,2022,95.76999664,,,,,,
Mexico,2022,95.12000275,,,,,,
IBRD only,2022,90.16999817,,,,,,
Sub-Saharan Africa (excluding high income),2022,68.15000153,,,,,,
Mozambique,2022,61.66534417,,,,,,
Latin America & Caribbean (excluding high income),2022,94.43000031,,,,,,
Fragile and conflict affected situations,2022,67.31999969,,,,,,
East Asia & Pacific (excluding high income),2022,96.58999634,,,,,,
Zambia,2022,79.98414797,,,,,,
Dominican Republic,2022,93.70223756,,,,,,
Lower middle income,2022,77.26000214,,,,,,
Niger,2022,35.61000061,,,,,,
Sri Lanka,2022,92.48999786,,,,,,
Central Europe and the Baltics,2022,99.48000336,,,,,,
Timor-Leste,2022,69.40000153,,,,,,
Uganda,2023,80.51000214,,,,,,
Europe & Central Asia,2023,98.76999664,,,,,,
IDA total,2023,69.73000336,,,,,,
Late-demographic dividend,2023,96.73000336,,,,,,
East Asia & Pacific (excluding high income),2023,96.72000122,,,,,,
Armenia,2023,99.83999634,,,,,,
Small states,2023,87.93000031,,,,,,
Vanuatu,2023,87.95999908,,,,,,
Honduras,2023,87.08999634,,,,,,
El Salvador,2023,89.84999847,,,,,,
Heavily indebted poor countries (HIPC),2023,66.30000305,,,,,,
Europe & Central Asia (excluding high income),2023,98.95999908,,,,,,
India,2023,81.69999695,,,,,,
Angola,2023,68.18000031,,,,,,
Low income,2023,63.20999908,,,,,,
Other small states,2023,87.01000214,,,,,,
Africa Western and Central,2023,61.02999878,,,,,,
Uruguay,2023,98.82549378,,,,,,
Sub-Saharan Africa (excluding high income),2023,68.44000244,,,,,,
Mongolia,2023,98.63999939,,,,,,
East Asia & Pacific,2023,96.48999786,,,,,,
Arab World,2023,78.62000275,,,,,,
United Arab Emirates,2023,98.05999756,,,,,,
Sub-Saharan Africa,2023,68.44000244,,,,,,
Pre-demographic dividend,2023,67.38999939,,,,,,
Early-demographic dividend,2023,81.68000031,,,,,,
Upper middle income,2023,96.04000092,,,,,,
Mauritius,2023,94.28777765,,,,,,
"Iran, Islamic Rep.",2023,88.91681611,,,,,,
Tonga,2023,99.48000336,,,,,,
Middle income,2023,87.55000305,,,,,,
Least developed countries: UN classification,2023,67.97000122,,,,,,
Azerbaijan,2023,99.77999878,,,,,,
Sub-Saharan Africa (IDA & IBRD countries),2023,68.44000244,,,,,,
World,2023,87.58000183,,,,,,
"Congo, Dem. Rep.",2023,68.5,,,,,,
South Asia,2023,77.56999969,,,,,,
Mexico,2023,95.83469017,,,,,,
IDA blend,2023,68.86000061,,,,,,
Bolivia,2023,95.55000305,,,,,,
IBRD only,2023,90.44000244,,,,,,
Bahrain,2023,97.84999847,,,,,,
Nauru,2023,96.58999634,,,,,,
Central Europe and the Baltics,2023,99.48999786,,,,,,
South Asia (IDA & IBRD),2023,77.56999969,,,,,,
Fragile and conflict affected situations,2023,67.47000122,,,,,,
Georgia,2023,99.55999756,,,,,,
Low & middle income,2023,85.44999695,,,,,,
Latin America & the Caribbean (IDA & IBRD countries),2023,94.75,,,,,,
Sri Lanka,2023,92.66000366,,,,,,
Latin America & Caribbean (excluding high income),2023,94.58000183,,,,,,
Brazil,2023,94.57254906,,,,,,
Lao PDR,2023,75.63999939,,,,,,
Africa Eastern and Southern,2023,73.37000275,,,,,,
Namibia,2023,87.63999939,,,,,,
Colombia,2023,95.4566255,,,,,,
Lower middle income,2023,77.77999878,,,,,,
Dominican Republic,2023,94.31237582,,,,,,
IDA only,2023,70.62000275,,,,,,
"Middle East, North Africa, Afghanistan & Pakistan",2023,75.06999969,,,,,,
Panama,2023,96.08938714,,,,,,
Guatemala,2023,83.01957961,,,,,,
Europe & Central Asia (IDA & IBRD countries),2023,99.36000061,,,,,,
Jordan,2023,94.84999847,,,,,,
Burkina Faso,2023,41.567091,,,,,,
East Asia & Pacific (IDA & IBRD countries),2023,96.68000031,,,,,,
Latin America & Caribbean,2023,94.83000183,,,,,,
Senegal,2023,50.36000061,,,,,,
Tunisia,2023,86.25,,,,,,
IDA & IBRD total,2023,85.61000061,,,,,,
Albania,2023,97.68000031,,,,,,
Heavily indebted poor countries (HIPC),2024,66.62999725,,,,,,
IBRD only,2024,90.69000244,,,,,,
Africa Western and Central,2024,61.16999817,,,,,,
World,2024,87.73999786,,,,,,
South Africa,2024,91.15000153,,,,,,
Zambia,2024,71.76999664,,,,,,
IDA & IBRD total,2024,85.81999969,,,,,,
Peru,2024,93.66000366,,,,,,
Lower middle income,2024,78.27999878,,,,,,
Sri Lanka,2024,92.73999786,,,,,,
Africa Eastern and Southern,2024,73.69999695,,,,,,
Georgia,2024,99.68000031,,,,,,
Lesotho,2024,90.44999695,,,,,,
Mexico,2024,95.55000305,,,,,,
South Asia,2024,78.23000336,,,,,,
Saudi Arabia,2024,97.93000031,,,,,,
Europe & Central Asia (IDA & IBRD countries),2024,99.38999939,,,,,,
Colombia,2024,95.33999634,,,,,,
Jordan,2024,94.44000244,,,,,,
Cabo Verde,2024,88.47000122,,,,,,
East Asia & Pacific (IDA & IBRD countries),2024,96.80999756,,,,,,
IDA only,2024,70.91999817,,,,,,
Dominican Republic,2024,94.02999878,,,,,,
Middle income,2024,87.80000305,,,,,,
Ecuador,2024,93.48999786,,,,,,
Mali,2024,35.63000107,,,,,,
Small states,2024,88.01999664,,,,,,
East Asia & Pacific (excluding high income),2024,96.84999847,,,,,,
Early-demographic dividend,2024,82.09999847,,,,,,
Sub-Saharan Africa,2024,68.69000244,,,,,,
El Salvador,2024,89.76999664,,,,,,
East Asia & Pacific,2024,96.61000061,,,,,,
Mongolia,2024,98.63999939,,,,,,
Sub-Saharan Africa (excluding high income),2024,68.68000031,,,,,,
Europe & Central Asia (excluding high income),2024,99.01999664,,,,,,
India,2024,78.16253304,,,,,,
Nigeria,2024,70.41000366,,,,,,
Central Europe and the Baltics,2024,99.5,,,,,,
Fragile and conflict affected situations,2024,67.58000183,,,,,,
Latin America & the Caribbean (IDA & IBRD countries),2024,94.87999725,,,,,,
Low income,2024,63.56999969,,,,,,
Other small states,2024,87.12000275,,,,,,
Uruguay,2024,98.91000366,,,,,,
Arab World,2024,78.98999786,,,,,,
United Arab Emirates,2024,98.80999756,,,,,,
Upper middle income,2024,96.16999817,,,,,,
Pre-demographic dividend,2024,67.72000122,,,,,,
Honduras,2024,88.25,,,,,,
Least developed countries: UN classification,2024,68.31999969,,,,,,
IDA total,2024,70.05000305,,,,,,
Uganda,2024,77.04000092,,,,,,
Low & middle income,2024,85.66999817,,,,,,
Late-demographic dividend,2024,96.84999847,,,,,,
Guatemala,2024,82.11000061,,,,,,
Latin America & Caribbean,2024,94.94999695,,,,,,
Sub-Saharan Africa (IDA & IBRD countries),2024,68.69000244,,,,,,
Bahrain,2024,97.81999969,,,,,,
West Bank and Gaza,2024,97.93895412,,,,,,
IDA blend,2024,69.19000244,,,,,,
Bolivia,2024,96.73000336,,,,,,
South Asia (IDA & IBRD),2024,78.23000336,,,,,,
Brazil,2024,94.73999786,,,,,,
"Middle East, North Africa, Afghanistan & Pakistan",2024,75.58999634,,,,,,
Latin America & Caribbean (excluding high income),2024,94.70999908,,,,,,
Paraguay,2024,94.86000061,,,,,,
Panama,2024,96.22765332,,,,,,